Workbook

Sheet README
A1: Lab 03 — PetVax Spreadsheet Starter
A3: Use this workbook for Lab 03. Start in APPOINTMENTS_FLAT.
A4: You will add lookup formulas, create filters, build a pivot summary, and intentionally create flat-file problems.
A5: Do not turn this into a database yet. The point is to experience why the spreadsheet starts to break.
A7: Required sheets:
A8: APPOINTMENTS_FLAT — main flat-file appointment log
A9: BREED_REFERENCE — breed lookup table for animal type and average weights
A10: DATA_DICTIONARY — field definitions and intended meaning
A11: QUERY_AREA — place your FILTER formula here
A12: PIVOT_SUMMARY — create your pivot table here

Sheet APPOINTMENTS_FLAT
A1: AppointmentID | B1: AppointmentDate | C1: AppointmentTime | D1: PetName | E1: OwnerName | F1: OwnerEmail | G1: BreedName | H1: WeightKg | I1: ServiceType | J1: AppointmentStatus | K1: ReminderSent | L1: PaymentAmount | M1: Notes | N1: AnimalType | O1: AvgHealthyWeightKg | P1: OverweightThresholdKg | Q1: WeightStatus | R1: PetOwnerKey
A2: 1001 | B2: 46113 | C2: 09:00 | D2: Buddy | E2: Sarah Perry | F2: sarah.new@example.com | G2: Beagle | H2: 15 | I2: Vaccination | J2: Completed | K2: TRUE | L2: 64.91 | M2: Rabies booster due | N2: =XLOOKUP(G2,BREED_REFERENCE!$A$2:$A$20,BREED_REFERENCE!$B$2:$B$20,"Breed not found") | O2: =XLOOKUP(G2,BREED_REFERENCE!$A$2:$A$20,BREED_REFERENCE!$D$2:$D$20,"Breed not found") | P2: =XLOOKUP(G2,BREED_REFERENCE!$A$2:$A$20,BREED_REFERENCE!$E$2:$E$20,"Breed not found") | Q2: =IF(H2>P2,"Above breed range","Within/under breed range") | R2: =D2&" | "&E2
A3: 1002 | B3: 46113 | C3: 09:30 | D3: Misty | E3: Stephanie Foley | F3: stephanie.foley@example.com | G3: Siamese | H3: 4.1 | I3: General Checkup | J3: Completed | K3: TRUE | L3: 90.29 | M3: Sneezing; ear wax | N3: =XLOOKUP(G3,BREED_REFERENCE!$A$2:$A$20,BREED_REFERENCE!$B$2:$B$20,"Breed not found") | O3: =XLOOKUP(G3,BREED_REFERENCE!$A$2:$A$20,BREED_REFERENCE!$D$2:$D$20,"Breed not found") | P3: =XLOOKUP(G3,BREED_REFERENCE!$A$2:$A$20,BREED_REFERENCE!$E$2:$E$20,"Breed not found") | Q3: =IF(H3>P3,"Above breed range","Within/under breed range") | R3: =D3&" | "&E3
A4: 1003 | B4: 46113 | C4: 10:15 | D4: Charlie | E4: Barry Jones | F4: barry.jones@example.com | G4: Labrador Retriever | H4: 34 | I4: Vaccination | J4: Completed | K4: FALSE | L4: 64.91 | M4: Why PetName alone is a bad identifier: two pets can share the same name, so the clinic needs a stable primary key such as PetID to tell one Charlie from another. | N4: =XLOOKUP(G4,BREED_REFERENCE!$A$2:$A$20,BREED_REFERENCE!$B$2:$B$20,"Breed not found") | O4: =XLOOKUP(G4,BREED_REFERENCE!$A$2:$A$20,BREED_REFERENCE!$D$2:$D$20,"Breed not found") | P4: =XLOOKUP(G4,BREED_REFERENCE!$A$2:$A$20,BREED_REFERENCE!$E$2:$E$20,"Breed not found") | Q4: =IF(H4>P4,"Above breed range","Within/under breed range") | R4: =D4&" | "&E4
A5: 1004 | B5: 46113 | C5: 11:00 | D5: Charlie | E5: Angela Garcia | F5: angela.garcia@example.com | G5: Beagle | H5: 11.5 | I5: Dental Cleaning | J5: Completed | K5: TRUE | L5: 123.32 | M5: Different Charlie | N5: =XLOOKUP(G5,BREED_REFERENCE!$A$2:$A$20,BREED_REFERENCE!$B$2:$B$20,"Breed not found") | O5: =XLOOKUP(G5,BREED_REFERENCE!$A$2:$A$20,BREED_REFERENCE!$D$2:$D$20,"Breed not found") | P5: =XLOOKUP(G5,BREED_REFERENCE!$A$2:$A$20,BREED_REFERENCE!$E$2:$E$20,"Breed not found") | Q5: =IF(H5>P5,"Above breed range","Within/under breed range") | R5: =D5&" | "&E5
A6: 1005 | B6: 46113 | C6: 11:30 | D6: Bandit | E6: Sarah Perry | F6: sarah.perry@example.com | G6: Yorkshire Terrier | H6: 4.9 | I6: Dental Cleaning | J6: Completed | K6: TRUE | L6: 123.32 | M6: Sarah owns more than one pet | N6: =XLOOKUP(G6,BREED_REFERENCE!$A$2:$A$20,BREED_REFERENCE!$B$2:$B$20,"Breed not found") | O6: =XLOOKUP(G6,BREED_REFERENCE!$A$2:$A$20,BREED_REFERENCE!$D$2:$D$20,"Breed not found") | P6: =XLOOKUP(G6,BREED_REFERENCE!$A$2:$A$20,BREED_REFERENCE!$E$2:$E$20,"Breed not found") | Q6: =IF(H6>P6,"Above breed range","Within/under breed range") | R6: =D6&" | "&E6
A7: 1006 | B7: 46113 | C7: 12:00 | D7: Mango | E7: Thomas Hernandez | F7: thomas.hernandez@example.com | G7: Maine Coon | H7: 8.8 | I7: Vaccination | J7: Scheduled | K7: FALSE | L7: 64.91 | M7: Rabies due | N7: =XLOOKUP(G7,BREED_REFERENCE!$A$2:$A$20,BREED_REFERENCE!$B$2:$B$20,"Breed not found") | O7: =XLOOKUP(G7,BREED_REFERENCE!$A$2:$A$20,BREED_REFERENCE!$D$2:$D$20,"Breed not found") | P7: =XLOOKUP(G7,BREED_REFERENCE!$A$2:$A$20,BREED_REFERENCE!$E$2:$E$20,"Breed not found") | Q7: =IF(H7>P7,"Above breed range","Within/under breed range") | R7: =D7&" | "&E7
A8: 1007 | B8: 46113 | C8: 13:00 | D8: Coco | E8: Alex Rivera | F8: alex.rivera@example.com | G8: Poodle | H8: 11 | I8: Vaccination | J8: Completed | K8: TRUE | L8: 64.91 | M8: Co-owner 1 | N8: =XLOOKUP(G8,BREED_REFERENCE!$A$2:$A$20,BREED_REFERENCE!$B$2:$B$20,"Breed not found") | O8: =XLOOKUP(G8,BREED_REFERENCE!$A$2:$A$20,BREED_REFERENCE!$D$2:$D$20,"Breed not found") | P8: =XLOOKUP(G8,BREED_REFERENCE!$A$2:$A$20,BREED_REFERENCE!$E$2:$E$20,"Breed not found") | Q8: =IF(H8>P8,"Above breed range","Within/under breed range") | R8: =D8&" | "&E8
A9: 1008 | B9: 46113 | C9: 13:30 | D9: Coco | E9: Jordan Rivera | F9: jordan.rivera@example.com | G9: Poodle | H9: 11 | I9: Vaccination | J9: Completed | K9: TRUE | L9: 64.91 | M9: Co-owner 2 | N9: =XLOOKUP(G9,BREED_REFERENCE!$A$2:$A$20,BREED_REFERENCE!$B$2:$B$20,"Breed not found") | O9: =XLOOKUP(G9,BREED_REFERENCE!$A$2:$A$20,BREED_REFERENCE!$D$2:$D$20,"Breed not found") | P9: =XLOOKUP(G9,BREED_REFERENCE!$A$2:$A$20,BREED_REFERENCE!$E$2:$E$20,"Breed not found") | Q9: =IF(H9>P9,"Above breed range","Within/under breed range") | R9: =D9&" | "&E9
A10: 1009 | B10: 46113 | C10: 14:00 | D10: Luna | E10: Wendy Henry | F10: wendy.henry@example.com | G10: Ragdoll | H10: 7.8 | I10: General Checkup | J10: Completed | K10: TRUE | L10: 90.29 | M10: Wendy owns more than one pet | N10: =XLOOKUP(G10,BREED_REFERENCE!$A$2:$A$20,BREED_REFERENCE!$B$2:$B$20,"Breed not found") | O10: =XLOOKUP(G10,BREED_REFERENCE!$A$2:$A$20,BREED_REFERENCE!$D$2:$D$20,"Breed not found") | P10: =XLOOKUP(G10,BREED_REFERENCE!$A$2:$A$20,BREED_REFERENCE!$E$2:$E$20,"Breed not found") | Q10: =IF(H10>P10,"Above breed range","Within/under breed range") | R10: =D10&" | "&E10
A11: 1010 | B11: 46113 | C11: 14:30 | D11: Max | E11: Jenna Powell | F11: jenna.powell@example.com | G11: Dachshund | H11: 12 | I11: Vaccination | J11: No-show | K11: FALSE | L11: 0 | M11: Missed appointment | N11: =XLOOKUP(G11,BREED_REFERENCE!$A$2:$A$20,BREED_REFERENCE!$B$2:$B$20,"Breed not found") | O11: =XLOOKUP(G11,BREED_REFERENCE!$A$2:$A$20,BREED_REFERENCE!$D$2:$D$20,"Breed not found") | P11: =XLOOKUP(G11,BREED_REFERENCE!$A$2:$A$20,BREED_REFERENCE!$E$2:$E$20,"Breed not found") | Q11: =IF(H11>P11,"Above breed range","Within/under breed range") | R11: =D11&" | "&E11
A12: 1011 | B12: 46113 | C12: 15:00 | D12: Bella | E12: Joyce Arnold | F12: joyce.arnold@example.com | G12: Golden Retriever | H12: 31.5 | I12: Vaccination | J12: Completed | K12: TRUE | L12: 64.91 | N12: =XLOOKUP(G12,BREED_REFERENCE!$A$2:$A$20,BREED_REFERENCE!$B$2:$B$20,"Breed not found") | O12: =XLOOKUP(G12,BREED_REFERENCE!$A$2:$A$20,BREED_REFERENCE!$D$2:$D$20,"Breed not found") | P12: =XLOOKUP(G12,BREED_REFERENCE!$A$2:$A$20,BREED_REFERENCE!$E$2:$E$20,"Breed not found") | Q12: =IF(H12>P12,"Above breed range","Within/under breed range") | R12: =D12&" | "&E12
A13: 1012 | B13: 46113 | C13: 15:30 | D13: Milo | E13: Wendy Henry | F13: wendy.henry@example.com | G13: French Bulldog | H13: 14.2 | I13: General Checkup | J13: Completed | K13: TRUE | L13: 90.29 | M13: Same owner as Luna | N13: =XLOOKUP(G13,BREED_REFERENCE!$A$2:$A$20,BREED_REFERENCE!$B$2:$B$20,"Breed not found") | O13: =XLOOKUP(G13,BREED_REFERENCE!$A$2:$A$20,BREED_REFERENCE!$D$2:$D$20,"Breed not found") | P13: =XLOOKUP(G13,BREED_REFERENCE!$A$2:$A$20,BREED_REFERENCE!$E$2:$E$20,"Breed not found") | Q13: =IF(H13>P13,"Above breed range","Within/under breed range") | R13: =D13&" | "&E13
A14: 1013 | B14: 46113 | C14: 16:00 | D14: Daisy | E14: William Reid | F14: william.reid@example.com | G14: Boxer | H14: 29 | I14: Emergency Visit | J14: Completed | K14: TRUE | L14: 439 | M14: Vomiting and lethargy | N14: =XLOOKUP(G14,BREED_REFERENCE!$A$2:$A$20,BREED_REFERENCE!$B$2:$B$20,"Breed not found") | O14: =XLOOKUP(G14,BREED_REFERENCE!$A$2:$A$20,BREED_REFERENCE!$D$2:$D$20,"Breed not found") | P14: =XLOOKUP(G14,BREED_REFERENCE!$A$2:$A$20,BREED_REFERENCE!$E$2:$E$20,"Breed not found") | Q14: =IF(H14>P14,"Above breed range","Within/under breed range") | R14: =D14&" | "&E14
A15: 1014 | B15: 46113 | C15: 16:30 | D15: Rocky | E15: Tammie Garcia | F15: tammie.garcia@example.com | G15: Bulldog | H15: 27 | I15: General Checkup | J15: Completed | K15: TRUE | L15: 90.29 | N15: =XLOOKUP(G15,BREED_REFERENCE!$A$2:$A$20,BREED_REFERENCE!$B$2:$B$20,"Breed not found") | O15: =XLOOKUP(G15,BREED_REFERENCE!$A$2:$A$20,BREED_REFERENCE!$D$2:$D$20,"Breed not found") | P15: =XLOOKUP(G15,BREED_REFERENCE!$A$2:$A$20,BREED_REFERENCE!$E$2:$E$20,"Breed not found") | Q15: =IF(H15>P15,"Above breed range","Within/under breed range") | R15: =D15&" | "&E15
A16: 1015 | B16: 46113 | C16: 17:00 | D16: Nala | E16: Vanessa Reed | F16: vanessa.reed@example.com | G16: Persian | H16: 5.6 | I16: Grooming - Basic | J16: Completed | K16: TRUE | L16: 80.36 | N16: =XLOOKUP(G16,BREED_REFERENCE!$A$2:$A$20,BREED_REFERENCE!$B$2:$B$20,"Breed not found") | O16: =XLOOKUP(G16,BREED_REFERENCE!$A$2:$A$20,BREED_REFERENCE!$D$2:$D$20,"Breed not found") | P16: =XLOOKUP(G16,BREED_REFERENCE!$A$2:$A$20,BREED_REFERENCE!$E$2:$E$20,"Breed not found") | Q16: =IF(H16>P16,"Above breed range","Within/under breed range") | R16: =D16&" | "&E16
A17: 1016 | B17: 46113 | C17: 17:30 | D17: Oreo | E17: Kelly Garcia | F17: kelly.garcia@example.com | G17: Shih Tzu | H17: 5.8 | I17: Vaccination | J17: Completed | K17: TRUE | L17: 64.91 | N17: =XLOOKUP(G17,BREED_REFERENCE!$A$2:$A$20,BREED_REFERENCE!$B$2:$B$20,"Breed not found") | O17: =XLOOKUP(G17,BREED_REFERENCE!$A$2:$A$20,BREED_REFERENCE!$D$2:$D$20,"Breed not found") | P17: =XLOOKUP(G17,BREED_REFERENCE!$A$2:$A$20,BREED_REFERENCE!$E$2:$E$20,"Breed not found") | Q17: =IF(H17>P17,"Above breed range","Within/under breed range") | R17: =D17&" | "&E17
A18: 1017 | B18: 46114 | C18: 09:00 | D18: Buddy | E18: Sarah Perry | F18: sarah.perry@example.com | G18: Beagle | H18: 15.1 | I18: Follow-up | J18: Scheduled | K18: TRUE | L18: 0 | M18: Six-week recheck | N18: =XLOOKUP(G18,BREED_REFERENCE!$A$2:$A$20,BREED_REFERENCE!$B$2:$B$20,"Breed not found") | O18: =XLOOKUP(G18,BREED_REFERENCE!$A$2:$A$20,BREED_REFERENCE!$D$2:$D$20,"Breed not found") | P18: =XLOOKUP(G18,BREED_REFERENCE!$A$2:$A$20,BREED_REFERENCE!$E$2:$E$20,"Breed not found") | Q18: =IF(H18>P18,"Above breed range","Within/under breed range") | R18: =D18&" | "&E18
A19: 1018 | B19: 46114 | C19: 09:30 | D19: Zeus | E19: Andrew Lee | F19: andrew.lee@example.com | G19: German Shepherd | H19: 39.2 | I19: Vaccination | J19: Completed | K19: TRUE | L19: 64.91 | N19: =XLOOKUP(G19,BREED_REFERENCE!$A$2:$A$20,BREED_REFERENCE!$B$2:$B$20,"Breed not found") | O19: =XLOOKUP(G19,BREED_REFERENCE!$A$2:$A$20,BREED_REFERENCE!$D$2:$D$20,"Breed not found") | P19: =XLOOKUP(G19,BREED_REFERENCE!$A$2:$A$20,BREED_REFERENCE!$E$2:$E$20,"Breed not found") | Q19: =IF(H19>P19,"Above breed range","Within/under breed range") | R19: =D19&" | "&E19
A20: 1019 | B20: 46114 | C20: 10:00 | D20: Pumpkin | E20: Patrick Singh | F20: patrick.singh@example.com | G20: Maine Coon | H20: 9.2 | I20: General Checkup | J20: Completed | K20: TRUE | L20: 90.29 | N20: =XLOOKUP(G20,BREED_REFERENCE!$A$2:$A$20,BREED_REFERENCE!$B$2:$B$20,"Breed not found") | O20: =XLOOKUP(G20,BREED_REFERENCE!$A$2:$A$20,BREED_REFERENCE!$D$2:$D$20,"Breed not found") | P20: =XLOOKUP(G20,BREED_REFERENCE!$A$2:$A$20,BREED_REFERENCE!$E$2:$E$20,"Breed not found") | Q20: =IF(H20>P20,"Above breed range","Within/under breed range") | R20: =D20&" | "&E20
A21: 1020 | B21: 46114 | C21: 10:30 | D21: Shadow | E21: Gregory Lang | F21: gregory.lang@example.com | G21: Border Collie | H21: 19.1 | I21: Vaccination | J21: Completed | K21: FALSE | L21: 64.91 | M21: Reminder not sent | N21: =XLOOKUP(G21,BREED_REFERENCE!$A$2:$A$20,BREED_REFERENCE!$B$2:$B$20,"Breed not found") | O21: =XLOOKUP(G21,BREED_REFERENCE!$A$2:$A$20,BREED_REFERENCE!$D$2:$D$20,"Breed not found") | P21: =XLOOKUP(G21,BREED_REFERENCE!$A$2:$A$20,BREED_REFERENCE!$E$2:$E$20,"Breed not found") | Q21: =IF(H21>P21,"Above breed range","Within/under breed range") | R21: =D21&" | "&E21
A22: 1021 | B22: 46114 | C22: 11:00 | D22: Peanut | E22: Lisa White | F22: lisa.white@example.com | G22: Pug | H22: 8.9 | I22: General Checkup | J22: Completed | K22: TRUE | L22: 90.29 | N22: =XLOOKUP(G22,BREED_REFERENCE!$A$2:$A$20,BREED_REFERENCE!$B$2:$B$20,"Breed not found") | O22: =XLOOKUP(G22,BREED_REFERENCE!$A$2:$A$20,BREED_REFERENCE!$D$2:$D$20,"Breed not found") | P22: =XLOOKUP(G22,BREED_REFERENCE!$A$2:$A$20,BREED_REFERENCE!$E$2:$E$20,"Breed not found") | Q22: =IF(H22>P22,"Above breed range","Within/under breed range") | R22: =D22&" | "&E22
A24: 1023 | B24: 46114 | C24: 12:00 | D24: Apollo | E24: Richard Bowman | F24: richard.bowman@example.com | G24: Labrador Retriever | H24: 28 | I24: Dental Cleaning | J24: Completed | K24: TRUE | L24: 123.32 | N24: =XLOOKUP(G24,BREED_REFERENCE!$A$2:$A$20,BREED_REFERENCE!$B$2:$B$20,"Breed not found") | O24: =XLOOKUP(G24,BREED_REFERENCE!$A$2:$A$20,BREED_REFERENCE!$D$2:$D$20,"Breed not found") | P24: =XLOOKUP(G24,BREED_REFERENCE!$A$2:$A$20,BREED_REFERENCE!$E$2:$E$20,"Breed not found") | Q24: =IF(H24>P24,"Above breed range","Within/under breed range") | R24: =D24&" | "&E24
A25: 1024 | B25: 46114 | C25: 12:30 | D25: Coco | E25: Alex Rivera | F25: alex.rivera@example.com | G25: Poodle | H25: 11.4 | I25: Follow-up | J25: Scheduled | K25: TRUE | L25: 0 | M25: Repeat visit for Coco | N25: =XLOOKUP(G25,BREED_REFERENCE!$A$2:$A$20,BREED_REFERENCE!$B$2:$B$20,"Breed not found") | O25: =XLOOKUP(G25,BREED_REFERENCE!$A$2:$A$20,BREED_REFERENCE!$D$2:$D$20,"Breed not found") | P25: =XLOOKUP(G25,BREED_REFERENCE!$A$2:$A$20,BREED_REFERENCE!$E$2:$E$20,"Breed not found") | Q25: =IF(H25>P25,"Above breed range","Within/under breed range") | R25: =D25&" | "&E25
A26: 1025 | B26: 46114 | C26: 13:00 | D26: Maple | E26: Priya Shah | F26: priya.shah@example.com | G26: Beagle | H26: 16 | I26: Vaccination | J26: Scheduled | K26: TRUE | L26: 64.91 | M26: New appointment added during lab | N26: =XLOOKUP(G26,BREED_REFERENCE!$A$2:$A$20,BREED_REFERENCE!$B$2:$B$20,"Breed not found") | O26: =XLOOKUP(G26,BREED_REFERENCE!$A$2:$A$20,BREED_REFERENCE!$D$2:$D$20,"Breed not found") | P26: =XLOOKUP(G26,BREED_REFERENCE!$A$2:$A$20,BREED_REFERENCE!$E$2:$E$20,"Breed not found") | Q26: =IF(H26>P26,"Above breed range","Within/under breed range") | R26: =D26&" | "&E26
A27: 1026 | D27: Rex | E27: Morgan Pugh | F27: morgan.pugh@example.com | G27: Mixed Breed | H27: 23 | M27: Pet exists, but no appointment yet | N27: =XLOOKUP(G27,BREED_REFERENCE!$A$2:$A$20,BREED_REFERENCE!$B$2:$B$20,"Breed not found") | O27: =XLOOKUP(G27,BREED_REFERENCE!$A$2:$A$20,BREED_REFERENCE!$D$2:$D$20,"Breed not found") | P27: =XLOOKUP(G27,BREED_REFERENCE!$A$2:$A$20,BREED_REFERENCE!$E$2:$E$20,"Breed not found") | Q27: =IF(H27>P27,"Above breed range","Within/under breed range") | R27: =D27&" | "&E27

Sheet BREED_REFERENCE
A1: BreedName | B1: AnimalType | C1: SizeCategory | D1: AvgHealthyWeightKg | E1: OverweightThresholdKg
A2: Beagle | B2: Dog | C2: Medium | D2: 12 | E2: 14.4
A3: Siamese | B3: Cat | C3: Medium | D3: 4.5 | E3: 5.4
A4: Labrador Retriever | B4: Dog | C4: Large | D4: 30 | E4: 36
A5: Yorkshire Terrier | B5: Dog | C5: Small | D5: 3.2 | E5: 3.84
A6: Maine Coon | B6: Cat | C6: Large | D6: 7.5 | E6: 9
A7: Poodle | B7: Dog | C7: Medium | D7: 10 | E7: 12
A8: Ragdoll | B8: Cat | C8: Medium | D8: 6 | E8: 7.2
A9: Dachshund | B9: Dog | C9: Small | D9: 8 | E9: 9.6
A10: Golden Retriever | B10: Dog | C10: Large | D10: 30 | E10: 36
A11: French Bulldog | B11: Dog | C11: Small | D11: 11 | E11: 13.2
A12: Boxer | B12: Dog | C12: Large | D12: 28 | E12: 33.6
A13: Bulldog | B13: Dog | C13: Medium | D13: 22 | E13: 26.4
... A20: Mixed Breed | B20: Dog | C20: Medium | D20: 20 | E20: 24

Sheet DATA_DICTIONARY
A1: FieldName | B1: Meaning | C1: Intended Kind of Data | D1: Why It Matters
A2: AppointmentID | B2: Identifies one appointment record | C2: Identifier / whole number | D2: Should not be averaged; distinguishes one row from another
A3: AppointmentDate | B3: Date of the appointment | C3: Date | D3: Supports date filters and chronological sorting
A4: AppointmentTime | B4: Time of appointment | C4: Time / text | D4: Supports schedule order and daily workflow
A5: PetName | B5: Pet's name | C5: Text / categorical label | D5: Can repeat across different pets; not a stable identifier
A6: OwnerName | B6: Owner's full name | C6: Text / categorical label | D6: Can repeat and may change; not a perfect identifier
A7: OwnerEmail | B7: Owner contact email | C7: Text | D7: Repeated in a flat file, creating update risk
A8: BreedName | B8: Pet breed | C8: Categorical text | D8: Used for grouping and lookup to breed reference
A9: WeightKg | B9: Pet weight in kilograms | C9: Ratio numeric | D9: Can be averaged, compared, and used in calculations
A10: ServiceType | B10: Type of service scheduled | C10: Categorical text | D10: Used for grouping and operational summaries
A11: AppointmentStatus | B11: Status of visit | C11: Categorical text | D11: Completed, Scheduled, No-show
A12: ReminderSent | B12: Whether reminder was sent | C12: Boolean | D12: Supports no-show and communication analysis
... A18: PetOwnerKey | B18: Temporary helper key | C18: Text identifier | D18: Helps identify the same pet-owner pair in a flat file

Sheet QUERY_AREA
A1: Query Area
A3: Step 8: enter the FILTER formula in A5.
A4: Use a deliberately fixed range first to demonstrate query fragility.
A5: =FILTER(APPOINTMENTS_FLAT!A2:Q25, APPOINTMENTS_FLAT!Q2:Q25="Above breed range")

Sheet PIVOT_SUMMARY
A1: Pivot Summary
A3: AnimalType | B3: Count of AppointmentID | C3: Average of WeightKg
A4: Cat | B4: 6 | C4: 6.2
A5: Dog | B5: 18 | C5: 18.3
A7: Snapshot note | B7: Starter-data snapshot created before Maple, Rex, or Angel deletion.
